,baseline_mean_R2,baseline_mean_RMSE,transformed_mean_R2,transformed_mean_RMSE
OLS,-4.0017135472528285,0.8070672826396244,-4.965936909813154,0.8404277545425144
Ridge,-3.5234320682601266,0.7919683952116552,-4.019651556513357,0.8108020096825512
Lasso,-3.178259490022184,0.7798466760521957,-3.6340139188166676,0.8005398666132081
RandomForest,-3.225197456929049,0.7684902588406431,-5.682631547380597,0.8283828028381233
